treatment,No_of_taxa,Alignment_length,Missing_percent,Parsimony_informative_sites
total_noParalogs,50,390,59.723,8
total_noParalogs,5,483,44.72,20
total_noParalogs,6,228,1.096,3
total_noParalogs,23,252,19.41,37
total_noParalogs,12,237,1.899,17
total_noParalogs,50,387,35.132,43
total_noParalogs,40,283,23.171,61
total_noParalogs,51,171,5.607,5
total_noParalogs,11,180,10.455,10
total_noParalogs,15,620,7.387,53
total_noParalogs,46,444,42.318,39
total_noParalogs,51,444,6.134,45
total_noParalogs,37,539,27.779,32
total_noParalogs,6,213,9.155,8
total_noParalogs,13,441,7.64,20
total_noParalogs,3,225,24,0
total_noParalogs,44,189,6.674,31
total_noParalogs,41,291,4.652,40
total_noParalogs,11,282,11.315,58
total_noParalogs,13,243,8.832,6
total_noParalogs,13,351,19.461,16
total_noParalogs,5,456,9.342,4
total_noParalogs,13,270,7.009,53
total_noParalogs,6,279,6.989,8
total_noParalogs,4,174,13.362,1
total_noParalogs,5,567,22.116,40
total_noParalogs,8,216,2.083,8
total_noParalogs,3,171,0,0
total_noParalogs,30,489,15.971,83
total_noParalogs,28,323,8.149,33
total_noParalogs,10,303,6.238,24
total_noParalogs,41,213,3.263,14
total_noParalogs,33,276,6.028,34
total_noParalogs,42,474,57.309,32
total_noParalogs,8,1053,45.762,61
total_noParalogs,49,573,36.639,84
total_noParalogs,42,496,9.505,96
total_noParalogs,6,168,9.821,3
total_noParalogs,22,294,16.095,32
total_noParalogs,10,363,3.14,18
total_noParalogs,8,216,7.812,38
total_noParalogs,23,219,1.489,11
total_noParalogs,7,123,15.679,14
total_noParalogs,38,174,7.396,20
total_noParalogs,21,129,2.879,16
total_noParalogs,50,628,51.847,100
total_noParalogs,29,297,25.078,12
total_noParalogs,30,405,43.309,129
total_noParalogs,13,177,7.432,34
total_noParalogs,27,384,10.59,44
total_noParalogs,45,201,4.411,10
total_noParalogs,11,243,9.428,22
total_noParalogs,12,306,3.84,43
total_noParalogs,24,147,9.779,4
total_noParalogs,18,393,5.556,17
total_noParalogs,12,690,44.457,31
total_noParalogs,32,1001,49.248,57
total_noParalogs,16,282,4.787,18
total_noParalogs,9,255,7.712,8
total_noParalogs,34,270,16.471,34
total_noParalogs,36,1110,42.77,280
total_noParalogs,46,408,6.841,50
total_noParalogs,18,453,6.659,24
total_noParalogs,3,126,0,0
total_noParalogs,6,201,13.682,5
total_noParalogs,8,150,6.75,6
total_noParalogs,2,159,0,0
total_noParalogs,8,174,7.112,8
total_noParalogs,19,193,3.709,9
total_noParalogs,11,168,5.519,13
total_noParalogs,10,213,1.69,8
total_noParalogs,11,123,0.443,5
total_noParalogs,30,414,24.928,39
total_noParalogs,5,312,2.308,9
total_noParalogs,43,318,40.829,21
total_noParalogs,36,249,18.407,18
total_noParalogs,3,321,1.558,0
total_noParalogs,23,348,1.274,29
total_noParalogs,42,114,0,4
total_noParalogs,5,117,4.103,1
total_noParalogs,2,189,21.429,0
total_noParalogs,8,618,15.352,36
total_noParalogs,34,147,6.543,13
total_noParalogs,19,1118,51.925,139
total_noParalogs,17,271,5.058,25
total_noParalogs,2,90,1.667,0
total_noParalogs,17,210,0,10
total_noParalogs,38,126,0.815,13
total_noParalogs,13,117,0,3
total_noParalogs,2,132,0,0
total_noParalogs,12,292,18.664,58
total_noParalogs,36,156,1.335,7
total_noParalogs,31,363,9.437,87
total_noParalogs,46,360,9.076,79
total_noParalogs,6,444,32.883,54
total_noParalogs,5,279,37.204,3
total_noParalogs,2,591,19.289,0
total_noParalogs,32,609,23.137,110
total_noParalogs,13,210,0.989,12
total_noParalogs,48,1269,63.431,172
total_noParalogs,22,177,3.313,33
total_noParalogs,51,378,6.194,54
total_noParalogs,50,357,3.983,31
total_noParalogs,5,180,4.667,5
total_noParalogs,47,282,45.224,23
total_noParalogs,17,471,7.793,134
total_noParalogs,21,384,11.086,49
total_noParalogs,8,192,11.719,10
total_noParalogs,3,297,12.795,0
total_noParalogs,5,276,12.391,2
total_noParalogs,13,418,35.186,22
total_noParalogs,14,132,0.487,7
total_noParalogs,28,297,41.558,71
total_noParalogs,18,267,2.934,18
total_noParalogs,4,189,22.222,3
total_noParalogs,46,144,0.453,3
total_noParalogs,16,321,40.713,8
total_noParalogs,3,318,21.069,0
total_noParalogs,21,228,2.569,17
total_noParalogs,5,162,2.593,5
total_noParalogs,4,531,20.339,6
total_noParalogs,18,276,6.099,16
total_noParalogs,42,384,16.22,42
total_noParalogs,7,168,2.551,8
total_noParalogs,24,1243,48.24,129
total_noParalogs,21,378,37.528,39
total_noParalogs,16,519,4.66,43
total_noParalogs,28,126,6.973,13
total_noParalogs,7,414,11.801,15
total_noParalogs,10,204,0,16
total_noParalogs,25,1089,42.468,66
total_noParalogs,5,168,0,4
total_noParalogs,7,363,34.357,14
total_noParalogs,17,174,0.203,21
total_noParalogs,25,354,0.508,36
total_noParalogs,9,528,15.909,29
total_noParalogs,47,219,10.58,9
total_noParalogs,5,267,22.022,9
total_noParalogs,7,345,23.602,19
total_noParalogs,4,252,4.167,0
total_noParalogs,4,321,9.346,6
total_noParalogs,5,288,0.208,5
total_noParalogs,4,297,19.697,0
total_noParalogs,3,264,13.258,0
total_noParalogs,35,732,44.438,101
total_noParalogs,3,318,15.409,0
total_noParalogs,22,198,16.667,66
total_noParalogs,41,612,12.243,205
total_noParalogs,11,372,15.029,17
total_noParalogs,7,345,12.919,14
total_noParalogs,23,222,3.173,100
total_noParalogs,34,852,28.863,52
total_noParalogs,3,327,10.398,0
total_noParalogs,5,216,8.333,5
total_noParalogs,51,232,22.084,12
total_noParalogs,34,873,34.344,240
total_noParalogs,3,258,10.853,0
total_noParalogs,4,504,11.31,9
total_noParalogs,34,174,0.913,44
total_noParalogs,7,306,4.902,15
total_noParalogs,6,228,3.728,5
total_noParalogs,25,276,7.739,18
total_noParalogs,9,297,28.283,14
total_noParalogs,35,480,47.982,19
total_noParalogs,22,177,3.621,9
total_noParalogs,3,192,0.521,0
total_noParalogs,18,195,8.974,13
total_noParalogs,6,153,5.229,3
total_noParalogs,27,408,7.135,22
total_noParalogs,10,384,5,33
total_noParalogs,12,120,1.667,7
total_noParalogs,6,144,0,15
total_noParalogs,48,273,29.121,20
total_noParalogs,7,192,0,37
total_noParalogs,5,342,11.93,10
total_noParalogs,6,216,14.815,1
total_noParalogs,7,123,0,6
total_noParalogs,48,1991,54.505,231
total_noParalogs,4,357,0.21,1
total_noParalogs,37,616,8.481,74
total_noParalogs,38,396,21.83,28
total_noParalogs,35,195,0.527,10
total_noParalogs,14,225,2.286,31
total_noParalogs,7,159,22.102,13
total_noParalogs,9,222,10.811,38
total_noParalogs,31,1108,62.828,91
total_noParalogs,16,564,30.652,64
total_noParalogs,22,339,14.2,24
total_noParalogs,28,201,16.844,20
total_noParalogs,12,171,1.608,11
total_noParalogs,51,681,17.12,99
total_noParalogs,4,153,0,0
total_noParalogs,2,456,7.237,0
total_noParalogs,7,132,0,11
total_noParalogs,4,222,1.689,0
total_noParalogs,13,393,30.006,55
total_noParalogs,6,442,31.335,21
total_noParalogs,36,471,9.855,106
total_noParalogs,26,591,4.764,33
total_noParalogs,3,279,5.376,0
total_noParalogs,22,558,5.474,23
total_noParalogs,8,371,29.144,17
total_noParalogs,11,354,10.786,19
total_noParalogs,22,813,39.165,58
total_noParalogs,2,423,3.901,0
total_noParalogs,5,465,8,9
total_noParalogs,10,390,7.308,28
total_noParalogs,8,231,0.812,5
total_noParalogs,8,1098,19.74,80
total_noParalogs,3,726,0,0
total_noParalogs,28,318,23.686,66
total_noParalogs,44,321,0.977,38
total_noParalogs,5,501,31.737,1
total_noParalogs,6,393,9.542,45
total_noParalogs,4,213,15.845,1
total_noParalogs,3,159,10.063,0
total_noParalogs,4,261,13.218,1
total_noParalogs,6,540,34.907,40
total_noParalogs,17,431,4.272,69
total_noParalogs,31,525,54.249,22
total_noParalogs,6,270,19.074,27
total_noParalogs,18,120,7.917,25
total_noParalogs,11,117,4.895,10
total_noParalogs,20,260,4.404,11
total_noParalogs,25,171,1.053,12
total_noParalogs,7,276,14.286,10
total_noParalogs,13,318,5.37,43
total_noParalogs,29,1832,62.912,195
total_noParalogs,21,321,42.145,15
total_noParalogs,44,485,9.831,71
total_noParalogs,8,228,3.618,13
total_noParalogs,14,852,24.12,118
total_noParalogs,4,672,31.585,10
total_noParalogs,19,204,6.966,21
total_noParalogs,19,336,7.472,53
total_noParalogs,4,420,0,2
total_noParalogs,9,198,5.892,9
total_noParalogs,16,273,9.821,77
total_noParalogs,8,543,51.174,18
total_noParalogs,16,735,10.995,31
total_noParalogs,5,231,2.338,2
total_noParalogs,7,258,8.14,8
total_noParalogs,16,210,2.054,26
total_noParalogs,7,690,49.006,27
total_noParalogs,14,156,0.824,12
total_noParalogs,10,276,2.609,14
total_noParalogs,5,150,0,1
total_noParalogs,50,357,31.731,53
total_noParalogs,46,415,21.126,48
total_noParalogs,47,438,15.098,46
total_noParalogs,13,353,35.672,39
total_noParalogs,41,1284,55.38,200
total_noParalogs,24,690,12.554,44
total_noParalogs,19,462,10.663,42
total_noParalogs,3,252,7.937,0
total_noParalogs,43,339,35.892,65
total_noParalogs,11,512,47.159,61
total_noParalogs,38,495,12.297,63
total_noParalogs,24,159,0.472,22
total_noParalogs,48,379,43.849,98
total_noParalogs,16,291,3.222,10
total_noParalogs,15,283,3.392,19
total_noParalogs,19,114,2.493,2
total_noParalogs,18,204,18.464,8
total_noParalogs,3,165,0,0
total_noParalogs,36,414,21.236,56
total_noParalogs,45,201,2.355,14
total_noParalogs,35,150,0.171,9
total_noParalogs,39,295,28.083,25
total_noParalogs,15,186,18.925,24
total_noParalogs,9,507,4.799,34
total_noParalogs,29,264,2.273,13
total_noParalogs,48,696,5.55,64
total_noParalogs,8,219,6.849,14
total_noParalogs,18,234,4.131,14
total_noParalogs,13,159,0,46
total_noParalogs,11,351,23.621,22
total_noParalogs,7,332,15.835,38
total_noParalogs,33,618,6.443,102
total_noParalogs,6,263,29.087,2
total_noParalogs,49,123,0.796,38
total_noParalogs,18,249,4.351,15
total_noParalogs,46,504,14.027,35
total_noParalogs,19,303,8.077,30
total_noParalogs,24,183,5.191,18
total_noParalogs,13,186,9.429,13
total_noParalogs,49,354,11.259,90
total_noParalogs,9,186,0.717,29
total_noParalogs,3,246,16.667,0
total_noParalogs,20,646,31.014,35
total_noParalogs,2,114,0,0
total_noParalogs,20,360,9.792,40
total_noParalogs,28,114,0,26
total_noParalogs,27,399,36.229,23
total_noParalogs,22,186,0.806,31
total_noParalogs,49,193,45.183,23
total_noParalogs,4,297,0,9
total_noParalogs,33,252,1.984,23
total_noParalogs,7,540,15.079,5
total_noParalogs,3,123,1.626,0
total_noParalogs,3,114,0.877,0
total_noParalogs,35,216,0.754,13
total_noParalogs,32,234,23.878,12
total_noParalogs,10,774,20.698,92
total_noParalogs,3,270,11.852,0
total_noParalogs,37,180,0,21
total_noParalogs,36,204,0.408,22
total_noParalogs,50,1722,67.436,55
total_noParalogs,2,162,0.926,0
total_noParalogs,2,117,2.564,0
total_noParalogs,4,174,0,4
total_noParalogs,4,138,0.543,0
total_noParalogs,14,141,3.343,4
total_noParalogs,3,204,25.98,0
total_noParalogs,24,726,51.222,119
total_noParalogs,50,213,6.648,34
total_noParalogs,2,147,2.041,0
total_noParalogs,12,282,8.599,21
total_noParalogs,35,114,0.075,3
total_noParalogs,13,571,24.869,24
total_noParalogs,7,210,6.531,26
total_noParalogs,48,321,34.229,61
total_noParalogs,15,367,45.232,20
total_noParalogs,46,490,15.657,85
total_noParalogs,25,1232,51.318,80
total_noParalogs,48,303,1.63,30
total_noParalogs,4,282,13.564,7
total_noParalogs,19,411,11.871,46
total_noParalogs,44,351,2.04,21
total_noParalogs,22,156,0,13
total_noParalogs,9,240,0.694,19
total_noParalogs,16,696,11.288,57
total_noParalogs,31,432,12.858,139
total_noParalogs,9,135,6.667,4
total_noParalogs,2,330,21.818,0
total_noParalogs,35,174,2.759,9
total_noParalogs,50,303,42.337,43
total_noParalogs,19,303,9.797,40
total_noParalogs,21,459,16.091,72
total_noParalogs,30,468,19.829,77
total_noParalogs,9,279,0,15
total_noParalogs,4,264,11.932,2
total_noParalogs,35,252,2.177,13
total_noParalogs,10,330,9,33
total_noParalogs,22,120,1.705,5
total_noParalogs,18,2049,57.988,262
total_noParalogs,42,186,0.384,8
total_noParalogs,24,261,15.517,15
total_noParalogs,37,944,36.57,46
total_noParalogs,9,153,8.279,20
total_noParalogs,9,219,3.805,12
total_noParalogs,3,384,4.167,0
total_noParalogs,19,213,48.925,4
total_noParalogs,13,309,10.904,31
total_noParalogs,47,150,0.511,7
total_noParalogs,21,121,2.715,13
total_noParalogs,20,315,5.095,17
total_noParalogs,8,270,7.083,11
total_noParalogs,10,237,11.772,29
total_noParalogs,25,633,51.374,49
total_noParalogs,36,441,6.784,39
total_noParalogs,20,408,7.684,27
total_noParalogs,40,738,38.659,53
total_noParalogs,49,1082,57.375,170
total_noParalogs,49,366,47.825,48
total_noParalogs,6,162,0,7
total_noParalogs,26,663,16.498,48
total_noParalogs,23,144,3.714,28
total_noParalogs,12,447,11.857,88
total_noParalogs,22,114,3.828,11
total_noParalogs,14,207,7.453,27
total_noParalogs,50,234,29.179,44
total_noParalogs,41,312,11.257,64
total_noParalogs,29,467,34.741,100
total_noParalogs,23,434,28.952,178
total_noParalogs,22,303,15.797,57
total_noParalogs,7,171,6.266,7
total_noParalogs,45,303,6.711,55
total_noParalogs,36,600,23.681,77
total_noParalogs,19,177,6.869,33
total_noParalogs,7,297,10.678,19
total_noParalogs,5,387,50.388,0
total_noParalogs,31,570,40.781,27
total_noParalogs,46,402,74.173,19
total_noParalogs,43,411,26.413,54
total_noParalogs,49,177,5.396,19
total_noParalogs,11,340,20.107,24
total_noParalogs,33,432,12.689,39
total_noParalogs,3,165,1.212,0
total_noParalogs,7,243,3.351,10
total_noParalogs,43,222,19.642,47
total_noParalogs,29,171,1.391,11
total_noParalogs,5,264,0,21
total_noParalogs,45,720,64.491,64
total_noParalogs,34,171,1.806,21
total_noParalogs,39,576,29.367,105
total_noParalogs,6,135,6.296,2
total_noParalogs,21,723,7.765,174
total_noParalogs,39,551,18.442,51
total_noParalogs,8,162,1.157,12
total_noParalogs,28,741,45.633,35
total_noParalogs,8,204,2.941,11
total_noParalogs,10,162,2.593,6
total_noParalogs,39,219,0.702,16
total_noParalogs,44,141,27.079,24
total_noParalogs,9,237,12.658,5
total_noParalogs,45,664,33.916,149
total_noParalogs,33,475,27.081,49
total_noParalogs,41,405,3.686,97
total_noParalogs,5,162,1.852,0
total_noParalogs,30,654,24.495,80
total_noParalogs,9,231,2.742,30
total_noParalogs,2,228,4.605,0
total_noParalogs,12,357,9.384,31
total_noParalogs,30,708,31.469,95
total_noParalogs,31,189,1.536,6
total_noParalogs,51,243,2.179,26
total_noParalogs,43,594,48.99,33
total_noParalogs,8,153,4.657,7
total_noParalogs,7,165,8.571,12
total_noParalogs,4,123,0,2
total_noParalogs,3,153,0,0
total_noParalogs,9,213,18.623,8
total_noParalogs,37,408,19.952,42
total_noParalogs,10,153,0,9
total_noParalogs,31,150,3.226,11
total_noParalogs,10,219,0,19
total_noParalogs,7,756,19.331,53
total_noParalogs,4,261,9.483,10
total_noParalogs,4,387,19.38,8
total_noParalogs,18,324,30.813,44
total_noParalogs,24,247,32.945,33
total_noParalogs,8,111,1.014,6
total_noParalogs,34,785,54.331,58
total_noParalogs,14,135,0,6
total_noParalogs,6,540,19.907,42
total_noParalogs,6,942,46.762,13
total_noParalogs,5,141,11.064,16
total_noParalogs,3,423,16.548,0
total_noParalogs,20,174,3.707,20
total_noParalogs,33,300,11.788,42
total_noParalogs,5,384,21.406,8
total_noParalogs,36,243,6.036,16
total_noParalogs,32,330,6.733,87
total_noParalogs,20,288,10.104,21
total_noParalogs,42,154,15.074,13
total_noParalogs,24,273,7.372,37
total_noParalogs,17,207,8.014,11
total_noParalogs,23,117,0,1
total_noParalogs,9,171,12.476,20
total_noParalogs,45,279,37.634,16
total_noParalogs,3,412,37.136,0
total_noParalogs,2,324,6.944,0
total_noParalogs,15,444,49.414,66
total_noParalogs,45,480,45.056,96
total_noParalogs,7,144,0,9
total_noParalogs,7,237,8.68,15
total_noParalogs,12,153,3.758,29
total_noParalogs,35,501,14.628,40
total_noParalogs,46,108,0,8
total_noParalogs,5,402,18.955,6
total_noParalogs,10,360,8.167,25
total_noParalogs,4,621,18.72,2
total_noParalogs,43,165,0.677,16
total_noParalogs,8,228,14.638,16
total_noParalogs,44,340,46.116,79
total_noParalogs,13,492,16.792,86
total_noParalogs,4,144,0,1
total_noParalogs,3,228,0,0
total_noParalogs,9,264,4.672,14
total_noParalogs,33,279,25.318,86
total_noParalogs,18,156,0,15
total_noParalogs,72,739,59.021,149
total_noParalogs,71,453,39.11,73
total_noParalogs,68,450,48.863,25
total_noParalogs,70,483,49.166,30
total_noParalogs,61,845,37.806,158
total_noParalogs,70,134,14.382,14
total_noParalogs,70,636,55.478,101
total_noParalogs,71,909,40.213,105
total_noParalogs,62,234,1.654,24
total_noParalogs,73,498,44.141,83
total_noParalogs,68,828,42.85,113
total_noParalogs,72,504,10.45,67
total_noParalogs,71,405,11.601,78
total_noParalogs,63,576,4.109,38
total_noParalogs,62,590,41.476,113
total_noParalogs,69,396,9.146,36
total_noParalogs,72,873,55.952,170
total_noParalogs,72,783,46.823,151
total_noParalogs,67,408,38.093,36
total_noParalogs,71,324,53.365,13
total_noParalogs,73,726,21.674,63
total_noParalogs,71,255,15.128,138
total_noParalogs,71,422,27.158,122
total_noParalogs,52,720,58.021,59
total_noParalogs,60,414,2.174,37
total_noParalogs,68,546,27.836,38
total_noParalogs,70,332,45.189,59
total_noParalogs,71,396,17.83,40
total_noParalogs,68,821,25.725,247
total_noParalogs,65,526,26.321,96
total_noParalogs,71,472,40.165,64
total_noParalogs,68,444,52.434,53
total_noParalogs,63,189,30.184,19
total_noParalogs,61,339,44.088,67
total_noParalogs,73,865,57.317,119
total_noParalogs,70,486,42.76,88
total_noParalogs,61,279,8.726,30
total_noParalogs,56,529,19.187,155
total_noParalogs,72,1004,29.814,125
total_noParalogs,65,447,27.042,24
total_noParalogs,72,555,42.868,33
total_noParalogs,65,658,52.093,60
total_noParalogs,59,273,23.673,36
total_noParalogs,69,786,45.984,140
total_noParalogs,72,736,55.322,136
total_noParalogs,72,1093,67.059,163
total_noParalogs,71,456,25.834,48
total_noParalogs,71,601,24.021,84
total_noParalogs,68,426,55.623,34
total_noParalogs,59,264,1.194,16
total_noParalogs,66,342,0.704,44
total_noParalogs,72,511,44.007,43
total_noParalogs,72,606,70.325,87
total_noParalogs,63,333,5.834,10
total_noParalogs,67,453,3.934,54
total_noParalogs,71,772,52.552,82
total_noParalogs,69,442,59.847,40
total_noParalogs,64,255,48.199,35
total_noParalogs,72,281,35.024,77
total_noParalogs,52,618,17.83,173
total_noParalogs,54,387,29.945,20
total_noParalogs,71,198,32.949,18
total_noParalogs,72,663,51.269,93
total_noParalogs,69,462,7.293,81
total_noParalogs,72,579,11.564,88
total_noParalogs,72,558,59.282,51
total_noParalogs,72,840,47.401,129
total_noParalogs,56,321,5.624,27
total_noParalogs,61,324,7.984,29
total_noParalogs,69,551,35.359,57
total_noParalogs,66,753,56.525,100
total_noParalogs,61,616,49.694,96
total_noParalogs,68,315,15.798,17
total_noParalogs,72,441,2.343,37
total_noParalogs,73,991,72.601,137
total_noParalogs,65,412,16.923,34
total_noParalogs,70,306,7.213,22
total_noParalogs,65,793,56.512,43
total_noParalogs,71,909,55.487,95
total_noParalogs,65,261,1.309,17
total_noParalogs,71,1336,74.869,69
total_noParalogs,59,666,63.918,148
total_noParalogs,72,615,2.622,79
total_noParalogs,69,303,0.387,44
total_noParalogs,62,207,7.27,14
total_noParalogs,72,369,1.999,31
total_noParalogs,64,246,1.353,17
total_noParalogs,58,649,51.01,68
total_noParalogs,73,480,50.034,70
total_noParalogs,71,768,55.414,101
total_noParalogs,60,450,7.556,79
total_noParalogs,58,370,30.396,47
total_noParalogs,71,375,25.352,43
total_noParalogs,70,488,61.235,42
total_noParalogs,70,414,40.093,48
total_noParalogs,72,796,42.86,56
total_noParalogs,72,998,35.342,100
total_noParalogs,52,546,9.858,117
total_noParalogs,64,662,38.227,33
total_noParalogs,72,1469,52.941,141
total_noParalogs,70,559,16.202,183
total_noParalogs,59,377,34.303,54
total_noParalogs,72,959,53.719,88
total_noParalogs,67,330,54.043,19
total_noParalogs,52,231,0.025,22
total_noParalogs,58,669,24.47,61
total_noParalogs,58,159,1.919,19
total_noParalogs,69,391,29.501,93
total_noParalogs,69,306,0.781,30
total_noParalogs,72,912,59.105,164
total_noParalogs,57,159,0.132,10
total_noParalogs,69,303,8.767,31
total_noParalogs,72,285,5.395,54
total_noParalogs,65,132,15.175,8
total_noParalogs,72,150,14.639,34
total_noParalogs,71,510,51.052,75
total_noParalogs,64,186,1.386,13
total_noParalogs,68,675,66.954,29
total_noParalogs,61,757,32.564,64
total_noParalogs,72,652,19.798,95
total_noParalogs,70,330,52.299,35
total_noParalogs,71,543,4.241,60
total_noParalogs,69,246,29.692,22
total_noParalogs,70,474,39.15,94
total_noParalogs,71,576,28.176,47
total_noParalogs,65,469,46.574,70
total_noParalogs,73,887,57.662,61
total_noParalogs,67,408,48.672,36
total_noParalogs,72,1294,45.991,309
total_noParalogs,65,462,53.357,28
total_noParalogs,73,702,41.629,152
total_noParalogs,72,776,46.66,184
total_noParalogs,70,528,19.83,82
total_noParalogs,60,247,25.344,21
total_noParalogs,62,318,23.676,22
total_noParalogs,72,246,37.026,24
total_noParalogs,70,742,44.985,70
total_noParalogs,69,606,41.089,28
total_noParalogs,65,1153,49.523,278
total_noParalogs,65,150,0.031,12
total_noParalogs,73,780,47.771,169
total_noParalogs,59,463,16.722,39
total_noParalogs,70,228,42.068,33
total_noParalogs,66,246,29.342,40
total_noParalogs,66,444,56.02,40
total_noParalogs,72,828,48.319,189
total_noParalogs,72,582,6.794,176
total_noParalogs,63,364,12.755,49
total_noParalogs,72,282,26.33,21
total_noParalogs,70,483,23.345,49
total_noParalogs,64,667,26.736,69
total_noParalogs,71,655,48.986,43
total_noParalogs,63,318,3.923,76
total_noParalogs,68,699,35.086,133
total_noParalogs,72,522,13.338,46
total_noParalogs,60,156,0.769,5
total_noParalogs,60,844,45.581,129
total_noParalogs,64,591,54.688,194
total_noParalogs,65,186,0.695,28
total_noParalogs,58,198,10.711,18
total_noParalogs,53,611,33.965,140
total_noParalogs,69,238,48.319,47
total_noParalogs,63,1605,65.513,220
total_noParalogs,72,819,58.908,78
total_noParalogs,73,404,31.988,54
total_noParalogs,73,804,27.428,74
total_noParalogs,69,303,26.216,25
total_noParalogs,67,623,41.187,97
total_noParalogs,71,318,55.341,28
total_noParalogs,57,948,44.148,43
total_noParalogs,65,428,46.826,39
total_noParalogs,71,415,20.798,63
total_noParalogs,73,1137,51.307,118
total_noParalogs,71,581,73.673,70
total_noParalogs,69,1170,59.636,138
total_noParalogs,69,189,14.907,6
total_noParalogs,66,872,59.909,90
total_noParalogs,73,418,56.456,38
total_noParalogs,71,414,38.763,141
total_noParalogs,69,713,66.376,76
total_noParalogs,71,739,23.223,250
total_noParalogs,72,489,47.964,38
total_noParalogs,72,538,59.464,60
total_noParalogs,73,381,33.783,69
total_noParalogs,68,273,0.549,15
total_noParalogs,68,429,18.902,67
total_noParalogs,54,660,46.894,40
total_noParalogs,70,771,64.191,34
total_noParalogs,69,574,39.07,113
total_noParalogs,72,804,42.506,203
total_noParalogs,70,516,23.214,84
total_noParalogs,68,528,51.487,25
total_noParalogs,71,836,41.497,200
total_noParalogs,72,255,1.699,16
total_noParalogs,72,642,46.469,85
total_noParalogs,68,371,34.894,79
total_noParalogs,71,360,31.033,20
total_noParalogs,54,1343,61.736,116
total_noParalogs,63,285,28.638,17
total_noParalogs,72,390,6.047,58
total_noParalogs,71,235,42.23,22
total_noParalogs,60,177,21.469,11
total_noParalogs,72,673,72.325,78
total_noParalogs,71,621,47.942,198
total_noParalogs,72,299,40.454,29
total_noParalogs,60,886,62.257,96
total_noParalogs,62,387,7.339,55
total_noParalogs,72,448,56.641,83
total_noParalogs,72,444,28.735,56
total_noParalogs,53,174,15.973,13
total_noParalogs,64,306,6.48,40
total_noParalogs,69,859,63.638,38
total_noParalogs,71,682,54.277,65
total_noParalogs,62,298,18.586,29
total_noParalogs,69,753,9.874,58
total_noParalogs,70,616,43.054,180
total_noParalogs,63,763,29.196,132
total_noParalogs,71,714,55.202,48
total_noParalogs,68,459,2.922,79
total_noParalogs,72,627,49.09,62
total_noParalogs,68,951,52.853,125
total_noParalogs,71,781,65.229,69
total_noParalogs,71,712,72.826,71
total_noParalogs,71,318,6.378,44
total_noParalogs,52,324,55.627,14
total_noParalogs,73,1029,47.37,61
total_noParalogs,57,2036,54.906,211
total_noParalogs,73,1119,35.851,232
total_noParalogs,71,403,56.845,46
total_noParalogs,73,432,31.031,46
total_noParalogs,73,681,44.391,83
total_noParalogs,71,304,2.734,29
total_noParalogs,71,301,30.892,25
total_noParalogs,73,451,18.583,106
total_noParalogs,69,228,27.517,51
total_noParalogs,67,507,42.798,129
total_noParalogs,56,843,67.514,30
total_noParalogs,71,450,48.404,45
total_noParalogs,63,648,52.094,125
total_noParalogs,72,573,40.46,37
total_noParalogs,68,370,7.353,52
total_noParalogs,72,1473,65.677,158
total_noParalogs,69,315,4.362,14
total_noParalogs,58,639,39.501,82
total_noParalogs,55,615,40.151,177
total_noParalogs,52,1662,65.926,200
total_noParalogs,66,450,52.828,72
total_noParalogs,71,1535,52.335,157
total_noParalogs,59,411,60.299,77
total_noParalogs,63,1536,67.897,164
total_noParalogs,70,459,29.972,31
total_noParalogs,71,606,23.985,52
total_noParalogs,71,1171,58.558,76
total_noParalogs,72,963,69.873,97
total_noParalogs,72,708,41.172,132
total_noParalogs,72,608,43.983,107
total_noParalogs,63,348,46.059,51
total_noParalogs,68,1929,55.953,258
total_noParalogs,72,385,17.284,98
total_noParalogs,70,454,43.87,53
total_noParalogs,65,147,1.256,3
total_noParalogs,68,604,45.634,38
total_noParalogs,73,781,55.5,142
total_noParalogs,52,324,8.155,75
total_noParalogs,70,1017,53.397,116
total_noParalogs,72,616,16.714,219
total_noParalogs,54,197,26.509,19
total_noParalogs,57,132,0.638,10
total_noParalogs,72,285,19.649,33
total_noParalogs,72,399,54.626,58
total_noParalogs,71,450,39.08,35
total_noParalogs,72,1110,50.195,46
total_noParalogs,72,1547,49.289,152
total_noParalogs,71,888,65.579,131
total_noParalogs,72,678,53.036,35
total_noParalogs,70,1234,76.449,77
total_noParalogs,65,147,1.256,11
total_noParalogs,72,735,26.712,87
total_noParalogs,72,348,38.314,36
total_noParalogs,72,426,34.341,30
total_noParalogs,73,459,14.066,50
total_noParalogs,61,212,37.388,20
total_noParalogs,69,588,28.705,61
total_noParalogs,52,528,37.839,25
total_noParalogs,71,606,41.361,46
total_noParalogs,61,396,1.416,53
total_noParalogs,69,210,0.373,12
total_noParalogs,72,480,46.215,9
total_noParalogs,71,434,30.934,120
total_noParalogs,72,621,36.319,126
total_noParalogs,70,527,53.679,59
total_noParalogs,71,564,68.205,64
total_noParalogs,73,843,47.385,58
total_noParalogs,57,848,18.173,60
total_noParalogs,70,528,57.63,62
total_noParalogs,56,306,9.926,35
total_noParalogs,58,731,63.086,82
total_noParalogs,72,570,62.705,16
total_noParalogs,72,499,38.811,77
total_noParalogs,71,249,21.687,16
total_noParalogs,55,195,2.49,42
total_noParalogs,69,387,21.582,57
total_noParalogs,70,672,12.06,119
total_noParalogs,56,282,5.395,57
total_noParalogs,73,591,47.883,32
total_noParalogs,70,434,59.147,44
total_noParalogs,68,225,16.765,31
total_noParalogs,73,1224,42.113,102
total_noParalogs,65,1078,53.268,149
total_noParalogs,73,934,39.28,170
total_noParalogs,67,862,35.786,184
total_noParalogs,66,735,44.75,118
total_noParalogs,57,183,14.639,7
total_noParalogs,73,1190,51.231,246
total_noParalogs,72,999,61.899,120
total_noParalogs,68,123,0.287,5
total_noParalogs,72,702,66.115,61
total_noParalogs,64,147,0.128,12
total_noParalogs,70,430,20.505,101
total_noParalogs,70,465,25.926,40
total_noParalogs,62,459,27.156,46
total_noParalogs,71,1026,53.793,53
total_noParalogs,62,531,28.167,34
total_noParalogs,58,584,37.816,225
total_noParalogs,69,921,47.123,130
total_noParalogs,54,261,12.367,28
total_noParalogs,63,114,0,7
total_noParalogs,66,1032,52.92,150
total_noParalogs,61,173,18.781,20
total_noParalogs,73,837,22.861,165
total_noParalogs,71,560,36.884,111
total_noParalogs,72,609,57.54,102
total_noParalogs,71,1214,58.028,68
total_noParalogs,72,1215,21.42,116
total_noParalogs,71,243,26.482,43
total_noParalogs,73,537,43.82,73
total_noParalogs,71,778,25.35,158
total_noParalogs,65,270,22,31
total_noParalogs,73,570,8.003,38
total_noParalogs,70,819,66.886,142
total_noParalogs,55,318,34.648,65
total_noParalogs,71,377,18.71,27
total_noParalogs,66,305,47.839,34
total_noParalogs,69,300,9.899,51
total_noParalogs,73,1017,40.179,323
total_noParalogs,59,207,11.938,15
total_noParalogs,69,229,25.802,23
total_noParalogs,73,1069,40.686,136
total_noParalogs,70,472,40.1,30
total_noParalogs,70,552,16.786,27
total_noParalogs,70,267,3.467,16
total_noParalogs,66,153,0.03,23
total_noParalogs,69,393,29.406,35
total_noParalogs,64,339,12.362,62
total_noParalogs,72,186,8.871,29
total_noParalogs,68,397,49.326,64
total_noParalogs,71,390,59.935,80
total_noParalogs,71,420,9.195,73
total_noParalogs,63,631,49.128,241
total_noParalogs,52,279,11.29,24
total_noParalogs,72,1269,46.795,111
total_noParalogs,61,723,23.59,120
total_noParalogs,66,345,6.667,32
total_noParalogs,70,372,57.293,54
total_noParalogs,69,504,32.704,29
total_noParalogs,55,117,0.233,29
total_noParalogs,53,376,20.92,27
total_noParalogs,73,740,73.06,116
total_noParalogs,52,141,1.064,8
total_noParalogs,64,150,0.188,16
total_noParalogs,72,627,51.621,42
total_noParalogs,73,1038,60.646,209
total_noParalogs,61,263,38.684,26
total_noParalogs,59,1459,58.705,76
total_noParalogs,72,744,55.404,94
total_noParalogs,71,644,29.704,72
total_noParalogs,70,396,19.134,143
total_noParalogs,62,456,29.213,192
total_noParalogs,72,868,67.723,147
total_noParalogs,72,681,51.095,34
total_noParalogs,71,372,60.211,36
total_noParalogs,73,1168,33.342,206
total_noParalogs,73,429,23.719,55
total_noParalogs,61,204,2.242,23
total_noParalogs,70,690,5.764,67
total_noParalogs,72,568,23.298,93
total_noParalogs,70,1327,66.157,114
total_noParalogs,68,519,47.322,58
total_noParalogs,56,138,2.057,9
total_noParalogs,72,705,25.621,99
total_noParalogs,71,519,37.58,41
total_noParalogs,69,418,19.128,34
total_noParalogs,61,815,63.407,182
total_noParalogs,71,489,63.985,36
total_noParalogs,67,1024,54.564,196
total_noParalogs,69,672,48.835,64
total_noParalogs,68,625,34.148,130
total_noParalogs,64,411,48.597,57
total_noParalogs,72,336,12.946,49
total_noParalogs,69,429,44.988,42
total_noParalogs,69,836,50.999,101
total_noParalogs,72,408,20.547,19
total_noParalogs,71,825,52.681,82
total_noParalogs,58,469,52.698,63
total_noParalogs,56,346,20.231,59
total_noParalogs,69,393,26.928,20
total_noParalogs,52,435,58.355,79
total_noParalogs,70,330,69.247,15
total_noParalogs,63,147,20.311,6
total_noParalogs,54,540,37.438,184
total_noParalogs,68,120,41.949,10
total_noParalogs,65,246,1.67,15
total_noParalogs,71,552,54.692,20
total_noParalogs,71,505,67.067,22
total_noParalogs,72,279,35.977,29
total_noParalogs,71,1061,58.933,92
total_noParalogs,69,225,24.87,53
total_noParalogs,73,1733,69.791,140
total_noParalogs,72,1323,53.912,225
total_noParalogs,71,362,53.638,58
total_noParalogs,73,1006,64.905,194
total_noParalogs,54,144,1.042,10
total_noParalogs,58,321,10.989,30
total_noParalogs,60,156,13.365,11
total_noParalogs,67,186,7.992,14
total_noParalogs,71,369,4.088,38
total_noParalogs,69,295,20.413,51
total_noParalogs,69,594,35.793,41
total_noParalogs,72,1253,59.437,182
total_noParalogs,66,777,65.397,25
total_noParalogs,66,174,6.923,15
total_noParalogs,69,222,22.503,16
total_noParalogs,54,468,54.665,49
total_noParalogs,65,696,35.106,90
total_noParalogs,70,693,54.842,76
total_noParalogs,71,204,25.704,60
total_noParalogs,62,213,41.958,12
total_noParalogs,72,423,10.165,63
total_noParalogs,64,417,25.438,47
total_noParalogs,63,282,9.743,27
total_noParalogs,64,262,26.932,38
total_noParalogs,70,312,29.821,28
total_noParalogs,67,216,2.114,18
total_noParalogs,71,529,67.315,20
total_noParalogs,72,1664,58.894,280
total_noParalogs,72,697,66.882,120
total_noParalogs,71,339,17.512,22
total_noParalogs,68,1270,48.824,143
total_noParalogs,72,615,50.23,150
total_noParalogs,72,633,38.244,87
total_noParalogs,72,652,41.213,75
total_noParalogs,57,255,0.268,8
total_noParalogs,71,685,49.974,169
total_noParalogs,64,465,32.308,85
total_noParalogs,72,144,12.558,20
total_noParalogs,71,516,26.138,36
total_noParalogs,73,906,30.019,105
total_noParalogs,61,403,27.047,68
total_noParalogs,72,375,44.967,22
total_noParalogs,70,249,30.912,18
total_noParalogs,70,471,49.29,98
total_noParalogs,70,561,54.011,49
total_noParalogs,71,811,49.119,107
total_noParalogs,60,195,1.538,21
total_noParalogs,70,596,40.036,114
total_noParalogs,68,298,23.682,20
total_noParalogs,71,276,36.513,19
total_noParalogs,65,660,36.336,41
total_noParalogs,70,156,11.868,13
total_noParalogs,64,1596,67.966,166
total_noParalogs,53,339,37.001,31
total_noParalogs,72,579,18.84,71
total_noParalogs,69,237,5.283,31
total_noParalogs,70,180,33.31,39
total_noParalogs,67,360,28.234,81
total_noParalogs,69,760,68.976,31
total_noParalogs,61,135,5.246,11
total_noParalogs,66,327,19.266,37
total_noParalogs,66,219,17.331,46
total_noParalogs,71,633,73.827,68
total_noParalogs,73,616,35.114,127
total_noParalogs,56,315,10.935,33
total_noParalogs,73,477,53.511,19
total_noParalogs,73,496,30.261,115
total_noParalogs,65,1224,55.554,98
total_noParalogs,64,141,0.199,7
total_noParalogs,68,279,19.45,31
total_noParalogs,60,312,1.234,17
total_noParalogs,70,297,7.532,52
total_noParalogs,71,378,24.916,61
total_noParalogs,73,968,17.023,91
total_noParalogs,64,441,46.301,22
total_noParalogs,72,501,14.854,22
total_noParalogs,68,1526,67.921,148
total_noParalogs,69,408,2.163,28
total_noParalogs,58,141,0.293,8
total_noParalogs,65,642,40.036,97
total_noParalogs,60,198,23.106,43
total_noParalogs,73,1172,48.318,174
total_noParalogs,65,513,14.899,101
total_noParalogs,70,428,56.332,16
total_noParalogs,72,1065,41.956,141
total_noParalogs,67,322,18.402,14
total_noParalogs,69,579,57.49,63
total_noParalogs,70,386,25.422,70
total_noParalogs,66,261,11.442,39
total_noParalogs,71,857,66.104,78
total_noParalogs,68,403,35.608,71
total_noParalogs,69,207,2.184,13
total_noParalogs,61,279,2.01,28
total_noParalogs,61,1076,41.203,131
total_noParalogs,73,965,48.198,255
total_noParalogs,69,306,39.912,68
total_noParalogs,72,612,45.084,146
total_noParalogs,65,748,69.204,56
total_noParalogs,56,615,51.35,25
total_noParalogs,72,1239,48.907,231
total_noParalogs,53,827,28.756,69
total_noParalogs,71,453,33.719,55
total_noParalogs,67,156,4.908,27
total_noParalogs,60,231,2.078,9
total_noParalogs,52,246,5.933,8
total_noParalogs,72,396,24.726,23
total_noParalogs,66,309,36.555,20
total_noParalogs,70,411,14.411,19
total_noParalogs,71,408,30.199,36
total_noParalogs,72,174,8.836,25
total_noParalogs,72,660,38.782,152
total_noParalogs,72,216,40.914,20
total_noParalogs,64,198,4.096,17
total_noParalogs,71,555,64.469,28
total_noParalogs,72,529,39.619,100
total_noParalogs,69,264,1.943,12
total_noParalogs,69,474,45.707,76
total_noParalogs,59,930,72.253,56
total_noParalogs,68,681,35.106,62
total_noParalogs,71,507,56.621,52
total_noParalogs,71,327,43.145,81
total_noParalogs,71,278,20.721,70
total_noParalogs,73,759,56.809,101
total_noParalogs,67,387,4.235,45
total_noParalogs,66,174,17.346,15
total_noParalogs,66,276,33.053,40
total_noParalogs,72,612,11.731,151
total_noParalogs,72,616,42.627,38
total_noParalogs,73,825,44.463,75
total_noParalogs,73,1211,46.592,235
total_noParalogs,52,294,44.604,30
total_noParalogs,70,655,49.788,136
total_noParalogs,52,624,8.765,36
total_noParalogs,72,384,17.48,102
total_noParalogs,65,770,61.536,126
total_noParalogs,70,240,32.446,60
total_noParalogs,64,924,58.969,88
total_noParalogs,55,672,12.792,306
total_noParalogs,69,822,23.887,44
total_noParalogs,69,501,41.621,32
total_noParalogs,68,177,29.163,11
total_noParalogs,72,473,37.993,120
total_noParalogs,71,809,41.994,68
total_noParalogs,72,705,66.111,79
total_noParalogs,73,956,60.336,139
total_noParalogs,71,580,70.087,35
total_noParalogs,73,711,43.824,107
total_noParalogs,70,357,29.424,34
total_noParalogs,71,589,45.63,56
total_noParalogs,66,460,51.324,36
partial_noParalogs,72,739,59.021,149
partial_noParalogs,71,453,39.11,73
partial_noParalogs,68,450,48.863,25
partial_noParalogs,70,483,49.166,30
partial_noParalogs,61,845,37.806,158
partial_noParalogs,70,134,14.382,14
partial_noParalogs,70,636,55.478,101
partial_noParalogs,71,909,40.213,105
partial_noParalogs,62,234,1.654,24
partial_noParalogs,73,498,44.141,83
partial_noParalogs,68,828,42.85,113
partial_noParalogs,72,504,10.45,67
partial_noParalogs,71,405,11.601,78
partial_noParalogs,63,576,4.109,38
partial_noParalogs,62,590,41.476,113
partial_noParalogs,69,396,9.146,36
partial_noParalogs,72,873,55.952,170
partial_noParalogs,72,783,46.823,151
partial_noParalogs,67,408,38.093,36
partial_noParalogs,71,324,53.365,13
partial_noParalogs,73,726,21.674,63
partial_noParalogs,71,255,15.128,138
partial_noParalogs,71,422,27.158,122
partial_noParalogs,52,720,58.021,59
partial_noParalogs,60,414,2.174,37
partial_noParalogs,68,546,27.836,38
partial_noParalogs,70,332,45.189,59
partial_noParalogs,71,396,17.83,40
partial_noParalogs,68,821,25.725,247
partial_noParalogs,65,526,26.321,96
partial_noParalogs,71,472,40.165,64
partial_noParalogs,68,444,52.434,53
partial_noParalogs,63,189,30.184,19
partial_noParalogs,61,339,44.088,67
partial_noParalogs,73,865,57.317,119
partial_noParalogs,70,486,42.76,88
partial_noParalogs,61,279,8.726,30
partial_noParalogs,56,529,19.187,155
partial_noParalogs,72,1004,29.814,125
partial_noParalogs,65,447,27.042,24
partial_noParalogs,72,555,42.868,33
partial_noParalogs,65,658,52.093,60
partial_noParalogs,59,273,23.673,36
partial_noParalogs,69,786,45.984,140
partial_noParalogs,72,736,55.322,136
partial_noParalogs,72,1093,67.059,163
partial_noParalogs,71,456,25.834,48
partial_noParalogs,71,601,24.021,84
partial_noParalogs,68,426,55.623,34
partial_noParalogs,59,264,1.194,16
partial_noParalogs,66,342,0.704,44
partial_noParalogs,72,511,44.007,43
partial_noParalogs,72,606,70.325,87
partial_noParalogs,63,333,5.834,10
partial_noParalogs,67,453,3.934,54
partial_noParalogs,71,772,52.552,82
partial_noParalogs,69,442,59.847,40
partial_noParalogs,64,255,48.199,35
partial_noParalogs,72,281,35.024,77
partial_noParalogs,52,618,17.83,173
partial_noParalogs,54,387,29.945,20
partial_noParalogs,71,198,32.949,18
partial_noParalogs,72,663,51.269,93
partial_noParalogs,69,462,7.293,81
partial_noParalogs,72,579,11.564,88
partial_noParalogs,72,558,59.282,51
partial_noParalogs,72,840,47.401,129
partial_noParalogs,56,321,5.624,27
partial_noParalogs,61,324,7.984,29
partial_noParalogs,69,551,35.359,57
partial_noParalogs,66,753,56.525,100
partial_noParalogs,61,616,49.694,96
partial_noParalogs,68,315,15.798,17
partial_noParalogs,72,441,2.343,37
partial_noParalogs,73,991,72.601,137
partial_noParalogs,65,412,16.923,34
partial_noParalogs,70,306,7.213,22
partial_noParalogs,65,793,56.512,43
partial_noParalogs,71,909,55.487,95
partial_noParalogs,65,261,1.309,17
partial_noParalogs,71,1336,74.869,69
partial_noParalogs,59,666,63.918,148
partial_noParalogs,72,615,2.622,79
partial_noParalogs,69,303,0.387,44
partial_noParalogs,62,207,7.27,14
partial_noParalogs,72,369,1.999,31
partial_noParalogs,64,246,1.353,17
partial_noParalogs,58,649,51.01,68
partial_noParalogs,73,480,50.034,70
partial_noParalogs,71,768,55.414,101
partial_noParalogs,60,450,7.556,79
partial_noParalogs,58,370,30.396,47
partial_noParalogs,71,375,25.352,43
partial_noParalogs,70,488,61.235,42
partial_noParalogs,70,414,40.093,48
partial_noParalogs,72,796,42.86,56
partial_noParalogs,72,998,35.342,100
partial_noParalogs,52,546,9.858,117
partial_noParalogs,64,662,38.227,33
partial_noParalogs,72,1469,52.941,141
partial_noParalogs,70,559,16.202,183
partial_noParalogs,59,377,34.303,54
partial_noParalogs,72,959,53.719,88
partial_noParalogs,67,330,54.043,19
partial_noParalogs,52,231,0.025,22
partial_noParalogs,58,669,24.47,61
partial_noParalogs,58,159,1.919,19
partial_noParalogs,69,391,29.501,93
partial_noParalogs,69,306,0.781,30
partial_noParalogs,72,912,59.105,164
partial_noParalogs,57,159,0.132,10
partial_noParalogs,69,303,8.767,31
partial_noParalogs,72,285,5.395,54
partial_noParalogs,65,132,15.175,8
partial_noParalogs,72,150,14.639,34
partial_noParalogs,71,510,51.052,75
partial_noParalogs,64,186,1.386,13
partial_noParalogs,68,675,66.954,29
partial_noParalogs,61,757,32.564,64
partial_noParalogs,72,652,19.798,95
partial_noParalogs,70,330,52.299,35
partial_noParalogs,71,543,4.241,60
partial_noParalogs,69,246,29.692,22
partial_noParalogs,70,474,39.15,94
partial_noParalogs,71,576,28.176,47
partial_noParalogs,65,469,46.574,70
partial_noParalogs,73,887,57.662,61
partial_noParalogs,67,408,48.672,36
partial_noParalogs,72,1294,45.991,309
partial_noParalogs,65,462,53.357,28
partial_noParalogs,73,702,41.629,152
partial_noParalogs,72,776,46.66,184
partial_noParalogs,70,528,19.83,82
partial_noParalogs,60,247,25.344,21
partial_noParalogs,62,318,23.676,22
partial_noParalogs,72,246,37.026,24
partial_noParalogs,70,742,44.985,70
partial_noParalogs,69,606,41.089,28
partial_noParalogs,65,1153,49.523,278
partial_noParalogs,65,150,0.031,12
partial_noParalogs,73,780,47.771,169
partial_noParalogs,59,463,16.722,39
partial_noParalogs,70,228,42.068,33
partial_noParalogs,66,246,29.342,40
partial_noParalogs,66,444,56.02,40
partial_noParalogs,72,828,48.319,189
partial_noParalogs,72,582,6.794,176
partial_noParalogs,63,364,12.755,49
partial_noParalogs,72,282,26.33,21
partial_noParalogs,70,483,23.345,49
partial_noParalogs,64,667,26.736,69
partial_noParalogs,71,655,48.986,43
partial_noParalogs,63,318,3.923,76
partial_noParalogs,68,699,35.086,133
partial_noParalogs,72,522,13.338,46
partial_noParalogs,60,156,0.769,5
partial_noParalogs,60,844,45.581,129
partial_noParalogs,64,591,54.688,194
partial_noParalogs,65,186,0.695,28
partial_noParalogs,58,198,10.711,18
partial_noParalogs,53,611,33.965,140
partial_noParalogs,69,238,48.319,47
partial_noParalogs,63,1605,65.513,220
partial_noParalogs,72,819,58.908,78
partial_noParalogs,73,404,31.988,54
partial_noParalogs,73,804,27.428,74
partial_noParalogs,69,303,26.216,25
partial_noParalogs,67,623,41.187,97
partial_noParalogs,71,318,55.341,28
partial_noParalogs,57,948,44.148,43
partial_noParalogs,65,428,46.826,39
partial_noParalogs,71,415,20.798,63
partial_noParalogs,73,1137,51.307,118
partial_noParalogs,71,581,73.673,70
partial_noParalogs,69,1170,59.636,138
partial_noParalogs,69,189,14.907,6
partial_noParalogs,66,872,59.909,90
partial_noParalogs,73,418,56.456,38
partial_noParalogs,71,414,38.763,141
partial_noParalogs,69,713,66.376,76
partial_noParalogs,71,739,23.223,250
partial_noParalogs,72,489,47.964,38
partial_noParalogs,72,538,59.464,60
partial_noParalogs,73,381,33.783,69
partial_noParalogs,68,273,0.549,15
partial_noParalogs,68,429,18.902,67
partial_noParalogs,54,660,46.894,40
partial_noParalogs,70,771,64.191,34
partial_noParalogs,69,574,39.07,113
partial_noParalogs,72,804,42.506,203
partial_noParalogs,70,516,23.214,84
partial_noParalogs,68,528,51.487,25
partial_noParalogs,71,836,41.497,200
partial_noParalogs,72,255,1.699,16
partial_noParalogs,72,642,46.469,85
partial_noParalogs,68,371,34.894,79
partial_noParalogs,71,360,31.033,20
partial_noParalogs,54,1343,61.736,116
partial_noParalogs,63,285,28.638,17
partial_noParalogs,72,390,6.047,58
partial_noParalogs,71,235,42.23,22
partial_noParalogs,60,177,21.469,11
partial_noParalogs,72,673,72.325,78
partial_noParalogs,71,621,47.942,198
partial_noParalogs,72,299,40.454,29
partial_noParalogs,60,886,62.257,96
partial_noParalogs,62,387,7.339,55
partial_noParalogs,72,448,56.641,83
partial_noParalogs,72,444,28.735,56
partial_noParalogs,53,174,15.973,13
partial_noParalogs,64,306,6.48,40
partial_noParalogs,69,859,63.638,38
partial_noParalogs,71,682,54.277,65
partial_noParalogs,62,298,18.586,29
partial_noParalogs,69,753,9.874,58
partial_noParalogs,70,616,43.054,180
partial_noParalogs,63,763,29.196,132
partial_noParalogs,71,714,55.202,48
partial_noParalogs,68,459,2.922,79
partial_noParalogs,72,627,49.09,62
partial_noParalogs,68,951,52.853,125
partial_noParalogs,71,781,65.229,69
partial_noParalogs,71,712,72.826,71
partial_noParalogs,71,318,6.378,44
partial_noParalogs,52,324,55.627,14
partial_noParalogs,73,1029,47.37,61
partial_noParalogs,57,2036,54.906,211
partial_noParalogs,73,1119,35.851,232
partial_noParalogs,71,403,56.845,46
partial_noParalogs,73,432,31.031,46
partial_noParalogs,73,681,44.391,83
partial_noParalogs,71,304,2.734,29
partial_noParalogs,71,301,30.892,25
partial_noParalogs,73,451,18.583,106
partial_noParalogs,69,228,27.517,51
partial_noParalogs,67,507,42.798,129
partial_noParalogs,56,843,67.514,30
partial_noParalogs,71,450,48.404,45
partial_noParalogs,63,648,52.094,125
partial_noParalogs,72,573,40.46,37
partial_noParalogs,68,370,7.353,52
partial_noParalogs,72,1473,65.677,158
partial_noParalogs,69,315,4.362,14
partial_noParalogs,58,639,39.501,82
partial_noParalogs,55,615,40.151,177
partial_noParalogs,52,1662,65.926,200
partial_noParalogs,66,450,52.828,72
partial_noParalogs,71,1535,52.335,157
partial_noParalogs,59,411,60.299,77
partial_noParalogs,63,1536,67.897,164
partial_noParalogs,70,459,29.972,31
partial_noParalogs,71,606,23.985,52
partial_noParalogs,71,1171,58.558,76
partial_noParalogs,72,963,69.873,97
partial_noParalogs,72,708,41.172,132
partial_noParalogs,72,608,43.983,107
partial_noParalogs,63,348,46.059,51
partial_noParalogs,68,1929,55.953,258
partial_noParalogs,72,385,17.284,98
partial_noParalogs,70,454,43.87,53
partial_noParalogs,65,147,1.256,3
partial_noParalogs,68,604,45.634,38
partial_noParalogs,73,781,55.5,142
partial_noParalogs,52,324,8.155,75
partial_noParalogs,70,1017,53.397,116
partial_noParalogs,72,616,16.714,219
partial_noParalogs,54,197,26.509,19
partial_noParalogs,57,132,0.638,10
partial_noParalogs,72,285,19.649,33
partial_noParalogs,72,399,54.626,58
partial_noParalogs,71,450,39.08,35
partial_noParalogs,72,1110,50.195,46
partial_noParalogs,72,1547,49.289,152
partial_noParalogs,71,888,65.579,131
partial_noParalogs,72,678,53.036,35
partial_noParalogs,70,1234,76.449,77
partial_noParalogs,65,147,1.256,11
partial_noParalogs,72,735,26.712,87
partial_noParalogs,72,348,38.314,36
partial_noParalogs,72,426,34.341,30
partial_noParalogs,73,459,14.066,50
partial_noParalogs,61,212,37.388,20
partial_noParalogs,69,588,28.705,61
partial_noParalogs,52,528,37.839,25
partial_noParalogs,71,606,41.361,46
partial_noParalogs,61,396,1.416,53
partial_noParalogs,69,210,0.373,12
partial_noParalogs,72,480,46.215,9
partial_noParalogs,71,434,30.934,120
partial_noParalogs,72,621,36.319,126
partial_noParalogs,70,527,53.679,59
partial_noParalogs,71,564,68.205,64
partial_noParalogs,73,843,47.385,58
partial_noParalogs,57,848,18.173,60
partial_noParalogs,70,528,57.63,62
partial_noParalogs,56,306,9.926,35
partial_noParalogs,58,731,63.086,82
partial_noParalogs,72,570,62.705,16
partial_noParalogs,72,499,38.811,77
partial_noParalogs,71,249,21.687,16
partial_noParalogs,55,195,2.49,42
partial_noParalogs,69,387,21.582,57
partial_noParalogs,70,672,12.06,119
partial_noParalogs,56,282,5.395,57
partial_noParalogs,73,591,47.883,32
partial_noParalogs,70,434,59.147,44
partial_noParalogs,68,225,16.765,31
partial_noParalogs,73,1224,42.113,102
partial_noParalogs,65,1078,53.268,149
partial_noParalogs,73,934,39.28,170
partial_noParalogs,67,862,35.786,184
partial_noParalogs,66,735,44.75,118
partial_noParalogs,57,183,14.639,7
partial_noParalogs,73,1190,51.231,246
partial_noParalogs,72,999,61.899,120
partial_noParalogs,68,123,0.287,5
partial_noParalogs,72,702,66.115,61
partial_noParalogs,64,147,0.128,12
partial_noParalogs,70,430,20.505,101
partial_noParalogs,70,465,25.926,40
partial_noParalogs,62,459,27.156,46
partial_noParalogs,71,1026,53.793,53
partial_noParalogs,62,531,28.167,34
partial_noParalogs,58,584,37.816,225
partial_noParalogs,69,921,47.123,130
partial_noParalogs,54,261,12.367,28
partial_noParalogs,63,114,0,7
partial_noParalogs,66,1032,52.92,150
partial_noParalogs,61,173,18.781,20
partial_noParalogs,73,837,22.861,165
partial_noParalogs,71,560,36.884,111
partial_noParalogs,72,609,57.54,102
partial_noParalogs,71,1214,58.028,68
partial_noParalogs,72,1215,21.42,116
partial_noParalogs,71,243,26.482,43
partial_noParalogs,73,537,43.82,73
partial_noParalogs,71,778,25.35,158
partial_noParalogs,65,270,22,31
partial_noParalogs,73,570,8.003,38
partial_noParalogs,70,819,66.886,142
partial_noParalogs,55,318,34.648,65
partial_noParalogs,71,377,18.71,27
partial_noParalogs,66,305,47.839,34
partial_noParalogs,69,300,9.899,51
partial_noParalogs,73,1017,40.179,323
partial_noParalogs,59,207,11.938,15
partial_noParalogs,69,229,25.802,23
partial_noParalogs,73,1069,40.686,136
partial_noParalogs,70,472,40.1,30
partial_noParalogs,70,552,16.786,27
partial_noParalogs,70,267,3.467,16
partial_noParalogs,66,153,0.03,23
partial_noParalogs,69,393,29.406,35
partial_noParalogs,64,339,12.362,62
partial_noParalogs,72,186,8.871,29
partial_noParalogs,68,397,49.326,64
partial_noParalogs,71,390,59.935,80
partial_noParalogs,71,420,9.195,73
partial_noParalogs,63,631,49.128,241
partial_noParalogs,52,279,11.29,24
partial_noParalogs,72,1269,46.795,111
partial_noParalogs,61,723,23.59,120
partial_noParalogs,66,345,6.667,32
partial_noParalogs,70,372,57.293,54
partial_noParalogs,69,504,32.704,29
partial_noParalogs,55,117,0.233,29
partial_noParalogs,53,376,20.92,27
partial_noParalogs,73,740,73.06,116
partial_noParalogs,52,141,1.064,8
partial_noParalogs,64,150,0.188,16
partial_noParalogs,72,627,51.621,42
partial_noParalogs,73,1038,60.646,209
partial_noParalogs,61,263,38.684,26
partial_noParalogs,59,1459,58.705,76
partial_noParalogs,72,744,55.404,94
partial_noParalogs,71,644,29.704,72
partial_noParalogs,70,396,19.134,143
partial_noParalogs,62,456,29.213,192
partial_noParalogs,72,868,67.723,147
partial_noParalogs,72,681,51.095,34
partial_noParalogs,71,372,60.211,36
partial_noParalogs,73,1168,33.342,206
partial_noParalogs,73,429,23.719,55
partial_noParalogs,61,204,2.242,23
partial_noParalogs,70,690,5.764,67
partial_noParalogs,72,568,23.298,93
partial_noParalogs,70,1327,66.157,114
partial_noParalogs,68,519,47.322,58
partial_noParalogs,56,138,2.057,9
partial_noParalogs,72,705,25.621,99
partial_noParalogs,71,519,37.58,41
partial_noParalogs,69,418,19.128,34
partial_noParalogs,61,815,63.407,182
partial_noParalogs,71,489,63.985,36
partial_noParalogs,67,1024,54.564,196
partial_noParalogs,69,672,48.835,64
partial_noParalogs,68,625,34.148,130
partial_noParalogs,64,411,48.597,57
partial_noParalogs,72,336,12.946,49
partial_noParalogs,69,429,44.988,42
partial_noParalogs,69,836,50.999,101
partial_noParalogs,72,408,20.547,19
partial_noParalogs,71,825,52.681,82
partial_noParalogs,58,469,52.698,63
partial_noParalogs,56,346,20.231,59
partial_noParalogs,69,393,26.928,20
partial_noParalogs,52,435,58.355,79
partial_noParalogs,70,330,69.247,15
partial_noParalogs,63,147,20.311,6
partial_noParalogs,54,540,37.438,184
partial_noParalogs,68,120,41.949,10
partial_noParalogs,65,246,1.67,15
partial_noParalogs,71,552,54.692,20
partial_noParalogs,71,505,67.067,22
partial_noParalogs,72,279,35.977,29
partial_noParalogs,71,1061,58.933,92
partial_noParalogs,69,225,24.87,53
partial_noParalogs,73,1733,69.791,140
partial_noParalogs,72,1323,53.912,225
partial_noParalogs,71,362,53.638,58
partial_noParalogs,73,1006,64.905,194
partial_noParalogs,54,144,1.042,10
partial_noParalogs,58,321,10.989,30
partial_noParalogs,60,156,13.365,11
partial_noParalogs,67,186,7.992,14
partial_noParalogs,71,369,4.088,38
partial_noParalogs,69,295,20.413,51
partial_noParalogs,69,594,35.793,41
partial_noParalogs,72,1253,59.437,182
partial_noParalogs,66,777,65.397,25
partial_noParalogs,66,174,6.923,15
partial_noParalogs,69,222,22.503,16
partial_noParalogs,54,468,54.665,49
partial_noParalogs,65,696,35.106,90
partial_noParalogs,70,693,54.842,76
partial_noParalogs,71,204,25.704,60
partial_noParalogs,62,213,41.958,12
partial_noParalogs,72,423,10.165,63
partial_noParalogs,64,417,25.438,47
partial_noParalogs,63,282,9.743,27
partial_noParalogs,64,262,26.932,38
partial_noParalogs,70,312,29.821,28
partial_noParalogs,67,216,2.114,18
partial_noParalogs,71,529,67.315,20
partial_noParalogs,72,1664,58.894,280
partial_noParalogs,72,697,66.882,120
partial_noParalogs,71,339,17.512,22
partial_noParalogs,68,1270,48.824,143
partial_noParalogs,72,615,50.23,150
partial_noParalogs,72,633,38.244,87
partial_noParalogs,72,652,41.213,75
partial_noParalogs,57,255,0.268,8
partial_noParalogs,71,685,49.974,169
partial_noParalogs,64,465,32.308,85
partial_noParalogs,72,144,12.558,20
partial_noParalogs,71,516,26.138,36
partial_noParalogs,73,906,30.019,105
partial_noParalogs,61,403,27.047,68
partial_noParalogs,72,375,44.967,22
partial_noParalogs,70,249,30.912,18
partial_noParalogs,70,471,49.29,98
partial_noParalogs,70,561,54.011,49
partial_noParalogs,71,811,49.119,107
partial_noParalogs,60,195,1.538,21
partial_noParalogs,70,596,40.036,114
partial_noParalogs,68,298,23.682,20
partial_noParalogs,71,276,36.513,19
partial_noParalogs,65,660,36.336,41
partial_noParalogs,70,156,11.868,13
partial_noParalogs,64,1596,67.966,166
partial_noParalogs,53,339,37.001,31
partial_noParalogs,72,579,18.84,71
partial_noParalogs,69,237,5.283,31
partial_noParalogs,70,180,33.31,39
partial_noParalogs,67,360,28.234,81
partial_noParalogs,69,760,68.976,31
partial_noParalogs,61,135,5.246,11
partial_noParalogs,66,327,19.266,37
partial_noParalogs,66,219,17.331,46
partial_noParalogs,71,633,73.827,68
partial_noParalogs,73,616,35.114,127
partial_noParalogs,56,315,10.935,33
partial_noParalogs,73,477,53.511,19
partial_noParalogs,73,496,30.261,115
partial_noParalogs,65,1224,55.554,98
partial_noParalogs,64,141,0.199,7
partial_noParalogs,68,279,19.45,31
partial_noParalogs,60,312,1.234,17
partial_noParalogs,70,297,7.532,52
partial_noParalogs,71,378,24.916,61
partial_noParalogs,73,968,17.023,91
partial_noParalogs,64,441,46.301,22
partial_noParalogs,72,501,14.854,22
partial_noParalogs,68,1526,67.921,148
partial_noParalogs,69,408,2.163,28
partial_noParalogs,58,141,0.293,8
partial_noParalogs,65,642,40.036,97
partial_noParalogs,60,198,23.106,43
partial_noParalogs,73,1172,48.318,174
partial_noParalogs,65,513,14.899,101
partial_noParalogs,70,428,56.332,16
partial_noParalogs,72,1065,41.956,141
partial_noParalogs,67,322,18.402,14
partial_noParalogs,69,579,57.49,63
partial_noParalogs,70,386,25.422,70
partial_noParalogs,66,261,11.442,39
partial_noParalogs,71,857,66.104,78
partial_noParalogs,68,403,35.608,71
partial_noParalogs,69,207,2.184,13
partial_noParalogs,61,279,2.01,28
partial_noParalogs,61,1076,41.203,131
partial_noParalogs,73,965,48.198,255
partial_noParalogs,69,306,39.912,68
partial_noParalogs,72,612,45.084,146
partial_noParalogs,65,748,69.204,56
partial_noParalogs,56,615,51.35,25
partial_noParalogs,72,1239,48.907,231
partial_noParalogs,53,827,28.756,69
partial_noParalogs,71,453,33.719,55
partial_noParalogs,67,156,4.908,27
partial_noParalogs,60,231,2.078,9
partial_noParalogs,52,246,5.933,8
partial_noParalogs,72,396,24.726,23
partial_noParalogs,66,309,36.555,20
partial_noParalogs,70,411,14.411,19
partial_noParalogs,71,408,30.199,36
partial_noParalogs,72,174,8.836,25
partial_noParalogs,72,660,38.782,152
partial_noParalogs,72,216,40.914,20
partial_noParalogs,64,198,4.096,17
partial_noParalogs,71,555,64.469,28
partial_noParalogs,72,529,39.619,100
partial_noParalogs,69,264,1.943,12
partial_noParalogs,69,474,45.707,76
partial_noParalogs,59,930,72.253,56
partial_noParalogs,68,681,35.106,62
partial_noParalogs,71,507,56.621,52
partial_noParalogs,71,327,43.145,81
partial_noParalogs,71,278,20.721,70
partial_noParalogs,73,759,56.809,101
partial_noParalogs,67,387,4.235,45
partial_noParalogs,66,174,17.346,15
partial_noParalogs,66,276,33.053,40
partial_noParalogs,72,612,11.731,151
partial_noParalogs,72,616,42.627,38
partial_noParalogs,73,825,44.463,75
partial_noParalogs,73,1211,46.592,235
partial_noParalogs,52,294,44.604,30
partial_noParalogs,70,655,49.788,136
partial_noParalogs,52,624,8.765,36
partial_noParalogs,72,384,17.48,102
partial_noParalogs,65,770,61.536,126
partial_noParalogs,70,240,32.446,60
partial_noParalogs,64,924,58.969,88
partial_noParalogs,55,672,12.792,306
partial_noParalogs,69,822,23.887,44
partial_noParalogs,69,501,41.621,32
partial_noParalogs,68,177,29.163,11
partial_noParalogs,72,473,37.993,120
partial_noParalogs,71,809,41.994,68
partial_noParalogs,72,705,66.111,79
partial_noParalogs,73,956,60.336,139
partial_noParalogs,71,580,70.087,35
partial_noParalogs,73,711,43.824,107
partial_noParalogs,70,357,29.424,34
partial_noParalogs,71,589,45.63,56
partial_noParalogs,66,460,51.324,36
